k,Randomized Motif, Modified Randomized Motif, Randomized Score,Modified Randomized Score, Randomized Average Score, Modified Randomized Average Score, Randomized Time, Modified Randomized Time
10,ATATTATTAT,TCTTTTTTTT,13.6508,12.6965,1.3651,1.2696,0.2658,0.8942
11,ATTTTTTTTTT,ATTTTTTTTTT,13.5357,14.2603,1.2305,1.2964,0.2633,1.3985
12,AAAAAAAAAAAA,TATTTTTTTTTT,15.6361,15.5626,1.3030,1.2969,0.2664,0.7382
13,TATTTTTTTTTTT,TTTATTTTTTTTT,16.6600,17.9154,1.2815,1.3781,0.2475,1.2819
14,CTATTTTTTTTTTA,ATAGAAAAAAAAAA,18.7834,19.6153,1.3417,1.4011,0.2688,1.4977
15,TTTATATTTTTCTCT,TTTTATTTTTTTTTT,20.5953,20.9338,1.3730,1.3956,0.3472,2.2704
16,TTCAAATTTCTTTTCT,AAAAAAAAAAAAAAAA,22.6037,22.9657,1.4127,1.4354,0.2963,1.6463
17,TTCTATTTTTTTTTTAG,TTTATTTTTTTCTTTTT,24.9390,24.0837,1.4670,1.4167,0.3908,2.4562
18,TTATTTTAATTTTTTATT,AAAAAAAAAAAAAAAATA,26.1117,27.2773,1.4507,1.5154,0.2731,1.5255
19,TTTATTTTTTTTTTTTTTC,TTTTTTTTTTTTTTTTTTT,27.5918,27.6398,1.4522,1.4547,0.4554,1.8876
20,TTTTTTTATTTCTCTCTTTT,TTTTTTTATTTTTTTTTTTT,29.1694,29.5025,1.4585,1.4751,0.3508,2.3365
21,TTCTTTCTTTTTTTTATTTAA,TTTTTTTTTTTTATTTTTTTT,31.0478,30.2398,1.4785,1.4400,0.3272,2.4535
22,AAAAAAAAAAATATAAACAAAC,TTTTTTTTTTCATTTTTCTTTT,33.5816,32.3670,1.5264,1.4712,0.4024,2.2940
23,ATAAATACATATTTTTTAACTTG,TATTTTTTTTTTATTTTTTTTTT,35.7103,34.2510,1.5526,1.4892,0.3268,2.1209
24,ATTTTTTTTTCTTTATTTTTTTTT,TTTTTTTTTACTTTTTTTTTTTTA,35.5774,35.7351,1.4824,1.4890,0.3373,3.0148
25,TTTAATTTTTTTTTTTTAATTCTTT,TTTTTTTTTTTTTTTTTTTTTCTTT,37.6034,37.8298,1.5041,1.5132,0.3527,3.0000
26,TTAAAATTTTTTTTTTTCCTCTTTTT,TTTTTTTTTTTTATTTTTTTTTTTTT,38.4862,39.4301,1.4802,1.5165,0.6461,3.4483
27,AAGAAAAAAGAAAAAAAAAAAAAAATT,TTTTTTTTTTTTTTTTTTTTTTTTCTT,42.7899,41.4497,1.5848,1.5352,0.6111,1.8784
28,AAAATTAGAAAAAAAAATATAAAAACAA,TTATTTTCTTATATTTTTTTTTTTTCTT,44.7520,42.6798,1.5983,1.5243,0.4049,1.8121
29,TTTTTTTATAACTTTTTTATTTTTTTCTT,ATTTTTTTTTTTTATTTTTTTTTTCTTTA,44.5073,44.5370,1.5347,1.5358,0.5444,2.2622
30,TTTTTTTTTTATTTTTAAATTTTTTTTTTT,TTTTTTTTTTTTTTTTCTTTTTCTATTTTT,46.8004,46.3906,1.5600,1.5464,0.3633,3.3068
31,TTCTTCTTATTTTATTTTTTTTTTTTTAACT,TTTCTTTTCATATTTTTTTTTTTTTTTTCTT,48.0181,48.3908,1.5490,1.5610,0.4667,3.9882
32,TTTTTTTTTTTTTCTTTTTTTTTATTTCTCTT,TTTTTATTTTTTTTTTTTTTTCTTTTTTATTT,50.2356,50.3699,1.5699,1.5741,0.3831,2.3181
33,TTATTTTTTTTTTTTTTTTTTTTTTTTTCTTTC,TTTTTCTTTTTAATTATTTTTTTTTTCTTTTTT,51.6134,51.7387,1.5640,1.5678,0.5315,4.9104
34,ATATTCTTTTCTTTCTTTCTATTTTTTAATTGCT,TTTTTTTTTCTTATTTTTTTTTTTTCTCTCTTTT,54.6913,53.4027,1.6086,1.5707,0.4602,4.4861
35,TCTTTTATTTTTATTTTTTTTTCTTTTTAATATTT,TTTTTTTTTTTTTTTTTCTTTTTTTATTTTTCTCT,56.0919,55.5454,1.6026,1.5870,0.5302,2.0041
36,AATTTTATTTTTTTTCCCTTTTTTTTTTAATCTTTT,CTTAATTTTTTTTTATTTTTTTTTTTTTTTATCCTT,57.4269,57.1146,1.5952,1.5865,0.4949,3.6136
37,TTTTTGTTCAAATTTCTTTTTATCCTTTTTTTTTTTT,TCTGAAATTTTTTTCCTTTCTTTTTTTTTATTTTCTT,59.4975,58.9908,1.6080,1.5943,0.5762,3.4683
38,TCTTCATATTTTTTTTTTTTTATTTTTTTCTCTTTTTT,TTTTTTTCATTTTTATTTTTTTTTTTTTTTTTATTTTT,60.7256,60.4747,1.5980,1.5914,0.6421,2.8273
39,TTTCAATTTTATTTTTTTTCATTCTTTTTTTTACTCTTC,CTTTTTTTCATTTTTTTTTTTTTTTTCTTTTCTTTTTTT,63.0169,62.1089,1.6158,1.5925,0.4397,3.6026
40,TTTTTTTCATCTTTTTTTTCTCTTTTTTTTTTTTAATAAA,AAATAGAAAAAAAAAATAATAAAGACAAAAAAAGGAAAAA,64.1568,67.8662,1.6039,1.6967,0.4400,1.6829
41,TTTTTTACCTTTCTTTTTATATTTTTTTTCTTTATTATTTT,TTTTTTTCTTTTTTTTTTTTTTTCTTTCTTTTTCTATTTTT,66.6784,65.6662,1.6263,1.6016,0.6659,4.1136
42,TAAATATATTACATAAAGAACAAAGTAAATAATTATCAACTT,AACCTTTTTTTTTTTCTTTTTTTTTTTTATTTCTATCTTGTT,72.6288,66.6203,1.7293,1.5862,0.5082,3.7811
43,TTTTTTTTTTCTATTTTTTTCTTTTTCTTTTATCTTTCATTAT,TTTTCTTTTTTCTTTTTCTTGTAATTTTTCTTTTTTTTTCTTT,70.2104,69.5047,1.6328,1.6164,0.7464,2.7278
44,CTTTCTTTCAATCTTTTTTTTTTTATTTTTAATTTTTTTATTAG,TATTTTTTTTTTTTTTTGTAATTTTTTTTTTTTTATTTTTTTTT,72.2591,71.1714,1.6423,1.6175,0.6430,4.3959
45,TTCATTTTTCTTCTTTTTCTTTATTTTTTTATTTTTTTTTATTAT,CTTTTTTTTTCTTCTTTTTTTTATTTTTCCTTTTTTAATTTTTTA,72.1143,72.8669,1.6025,1.6193,0.7876,4.5635
46,TTCACTTTTTTATCTTTTCTCTTTTTATCAAACTTTTTTTTTTTTT,TTTTTCTTTTTCTTTTTCTTTCTTTTTTTTAATTTTTTTTTATTTT,74.4467,73.5366,1.6184,1.5986,0.9829,3.8823
47,CAAATTAAATATCAACTCTTTTCCATTTTCTTTTTTTTTTTTTTTTT,TTCTTTTCTTCTTTCTTGTATTTTTTTTTTTTTATTTTTATTTTCCT,78.0254,76.4123,1.6601,1.6258,0.6429,4.6028
48,TCTTTTTTTTTTTTTTTAATTTTTTTTAATTTTTTTCTTTTTATTCTT,TTTTTTTTTTTTTTTTAATTTCTTTCTTTTTATTTTTTATTTTCTCTT,79.0369,77.7687,1.6466,1.6202,0.5977,4.8718
49,TTTTTTTTTTTTTTCTTGTAAAATTATTTTCTTATTTTTTTACTTATTC,TTTTTTTTTTTTTCTTTTTTATTCCTATCTTTATTATAATTATCTTCTC,81.4956,80.1748,1.6632,1.6362,0.7313,5.5153
